{"cameraMode":{"drawMode":0,"name":"Shaded","section":"Shading Mode"},"sceneLighting":true,"audioPlay":false,"sceneViewState":{"m_AlwaysRefresh":false,"showFog":true,"showSkybox":true,"showFlares":true,"showImageEffects":true,"showParticleSystems":true,"showVisualEffectGraphs":true,"m_FxEnabled":true},"in2DMode":false,"pivot":{"x":-0.1328507363796234,"y":4.597981929779053,"z":0.06544241309165955},"rotation":{"x":-0.054582420736551288,"y":-0.0041967532597482208,"z":0.00023365119704976678,"w":-0.9985076785087586},"size":8.062232971191407,"orthographic":false}